"id","title","poster","year","type","genre","synopsis","director","actors","synopsis_short","synopsis_long"
"f001","Le Parrain","https://image.tmdb.org/t/p/w500/k3uIbYtiuK8pwbCcbma29nTqmgG.jpg","1972","Film","Crime","Le patriarche d’une famille mafieuse transmet son empire à son fils réticent.","Francis Ford Coppola","Marlon Brando · Al Pacino · James Caan · Robert Duvall · Richard S. Castellano","Le patriarche d’une famille mafieuse transmet son empire à son fils réticent.","Le patriarche d’une famille mafieuse transmet son empire à son fils réticent."
"f002","Le Parrain, 2ᵉ partie","","1974","Film","Crime","La montée en puissance des Corleone et l’héritage familial à travers les générations.","","","",""
"f003","The Dark Knight : Le Chevalier noir","https://image.tmdb.org/t/p/w500/pyNXnq8QBWoK3b37RS6C3axwUOy.jpg","2008","Film","Action","Batman affronte le Joker tandis que Gotham sombre dans le chaos.","Christopher Nolan","Christian Bale · Heath Ledger · Aaron Eckhart · Michael Caine · Maggie Gyllenhaal","Batman affronte le Joker tandis que Gotham sombre dans le chaos.","Batman affronte le Joker tandis que Gotham sombre dans le chaos."
"f004","Inception","https://image.tmdb.org/t/p/w500/aej3LRUga5rhgkmRP6XMFw3ejbl.jpg","2010","Film","Science-fiction","Un voleur infiltre les rêves pour implanter une idée dans l’esprit d’une cible.","Christopher Nolan","Leonardo DiCaprio · Joseph Gordon-Levitt · 渡辺謙 · Tom Hardy · Elliot Page","Un voleur infiltre les rêves pour implanter une idée dans l’esprit d’une cible.","Un voleur infiltre les rêves pour implanter une idée dans l’esprit d’une cible."
"f005","Pulp Fiction","https://image.tmdb.org/t/p/w500/4TBdF7nFw2aKNM0gPOlDNq3v3se.jpg","1994","Film","Crime","Des histoires de crime s’entrecroisent entre rédemption et absurdités à Los Angeles.","Quentin Tarantino","John Travolta · Samuel L. Jackson · Uma Thurman · Bruce Willis · Ving Rhames","Des histoires de crime s’entrecroisent entre rédemption et absurdités à Los Angeles.","Des histoires de crime s’entrecroisent entre rédemption et absurdités à Los Angeles."
"f006","Fight Club","https://image.tmdb.org/t/p/w500/t1i10ptOivG4hV7erkX3tmKpiqm.jpg","1999","Film","Drame","Un insomniaque et un savonnier fondent un club de combat clandestin.","David Fincher","Edward Norton · Brad Pitt · Helena Bonham Carter · Meat Loaf · Jared Leto","Un insomniaque et un savonnier fondent un club de combat clandestin.","Un insomniaque et un savonnier fondent un club de combat clandestin."
"f007","Forrest Gump","https://image.tmdb.org/t/p/w500/A0Th0x8QIzP0njrFAJnYQ5ouIoB.jpg","1994","Film","Drame","Un homme simple traverse les grands moments de l’histoire américaine.","Robert Zemeckis","Tom Hanks · Robin Wright · Gary Sinise · Sally Field · Mykelti Williamson","Un homme simple traverse les grands moments de l’histoire américaine.","Un homme simple traverse les grands moments de l’histoire américaine."
"f008","Matrix","https://image.tmdb.org/t/p/w500/pEoqbqtLc4CcwDUDqxmEDSWpWTZ.jpg","1999","Film","Science-fiction","Un hacker découvre que la réalité est une simulation contrôlée par des machines.","Lana Wachowski, Lilly Wachowski","Keanu Reeves · Laurence Fishburne · Carrie-Anne Moss · Hugo Weaving · Gloria Foster","Un hacker découvre que la réalité est une simulation contrôlée par des machines.","Un hacker découvre que la réalité est une simulation contrôlée par des machines."
"f009","Interstellar","https://image.tmdb.org/t/p/w500/1pnigkWWy8W032o9TKDneBa3eVK.jpg","2014","Film","Science-fiction","Des astronautes voyagent à travers un trou de ver pour sauver l’humanité.","Christopher Nolan","Matthew McConaughey · Anne Hathaway · Michael Caine · Jessica Chastain · Casey Affleck","Des astronautes voyagent à travers un trou de ver pour sauver l’humanité.","Des astronautes voyagent à travers un trou de ver pour sauver l’humanité."
"f010","Le Seigneur des anneaux : La Communauté de l’anneau","https://image.tmdb.org/t/p/w500/5OPg6M0yHr21Ovs1fni2H1xpKuF.jpg","2001","Film","Fantastique","Un hobbit entame une quête pour détruire un anneau maléfique.","Peter Jackson","Elijah Wood · Ian McKellen · Viggo Mortensen · Sean Astin · Ian Holm","Un hobbit entame une quête pour détruire un anneau maléfique.","Un hobbit entame une quête pour détruire un anneau maléfique."
"f011","Le Seigneur des anneaux : Les Deux Tours","https://image.tmdb.org/t/p/w500/qVHBqQYLDRs7ESjP9q6o9iPHLWj.jpg","2002","Film","Fantastique","La Communauté se sépare tandis que la guerre ravage la Terre du Milieu.","Peter Jackson","Elijah Wood · Ian McKellen · Viggo Mortensen · Sean Astin · Andy Serkis","La Communauté se sépare tandis que la guerre ravage la Terre du Milieu.","La Communauté se sépare tandis que la guerre ravage la Terre du Milieu."
"f012","Le Seigneur des anneaux : Le Retour du roi","https://image.tmdb.org/t/p/w500/aqiFUqswXVM58Tamux1ilnNvVRs.jpg","2003","Film","Fantastique","La bataille finale pour la Terre du Milieu et le destin de l’Anneau.","Peter Jackson","Elijah Wood · Ian McKellen · Viggo Mortensen · Sean Astin · Andy Serkis","La bataille finale pour la Terre du Milieu et le destin de l’Anneau.","La bataille finale pour la Terre du Milieu et le destin de l’Anneau."
"f013","Star Wars, épisode IV : Un nouvel espoir","https://image.tmdb.org/t/p/w500/rLi9cokiFU20mLUPvQ0IRok3ELY.jpg","1977","Film","Science-fiction","Un fermier rejoint la Rébellion pour détruire une arme planétaire.","George Lucas","Mark Hamill · Harrison Ford · Carrie Fisher · Peter Cushing · Alec Guinness","Un fermier rejoint la Rébellion pour détruire une arme planétaire.","Un fermier rejoint la Rébellion pour détruire une arme planétaire."
"f014","L’Empire contre-attaque","https://image.tmdb.org/t/p/w500/8DmFxgQOPJ0QnAG1pB1PvjySI9b.jpg","1980","Film","Science-fiction","Les rebelles subissent des revers tandis que Luke affronte une sombre révélation.","Irvin Kershner","Mark Hamill · Harrison Ford · Carrie Fisher · Billy Dee Williams · Anthony Daniels","Les rebelles subissent des revers tandis que Luke affronte une sombre révélation.","Les rebelles subissent des revers tandis que Luke affronte une sombre révélation."
"f015","Le Retour du Jedi","https://image.tmdb.org/t/p/w500/tEQlCGiiWvMvfD7Sz8d99Pouy39.jpg","1983","Film","Science-fiction","L’Alliance lance une ultime offensive contre l’Empire.","Richard Marquand","Mark Hamill · Harrison Ford · Carrie Fisher · Billy Dee Williams · Anthony Daniels","L’Alliance lance une ultime offensive contre l’Empire.","L’Alliance lance une ultime offensive contre l’Empire."
"f016","Star Wars : Le Réveil de la Force","https://image.tmdb.org/t/p/w500/zKZ1iF1ABqL7a16u6Im8JTQKp7H.jpg","2015","Film","Science-fiction","Une récupératrice découvre sa destinée alors que la Force s’éveille.","J.J. Abrams","Harrison Ford · Mark Hamill · Carrie Fisher · Adam Driver · Daisy Ridley","Une récupératrice découvre sa destinée alors que la Force s’éveille.","Une récupératrice découvre sa destinée alors que la Force s’éveille."
"f017","Avengers: Infinity War","https://image.tmdb.org/t/p/w500/hSfuKPtyEryeFzapZ8UgZd4aESu.jpg","2018","Film","Action","Les héros s’unissent pour empêcher Thanos de réunir les Pierres d’Infinité.","Anthony Russo, Joe Russo","Robert Downey Jr. · Chris Evans · Chris Hemsworth · Josh Brolin · Mark Ruffalo","Les héros s’unissent pour empêcher Thanos de réunir les Pierres d’Infinité.","Les héros s’unissent pour empêcher Thanos de réunir les Pierres d’Infinité."
"f018","Avengers: Endgame","https://image.tmdb.org/t/p/w500/wF7jv3x51hXgkl7t5KHePuRjXc8.jpg","2019","Film","Action","Les survivants tentent d’inverser le claquement de doigts de Thanos.","Anthony Russo, Joe Russo","Robert Downey Jr. · Chris Evans · Mark Ruffalo · Chris Hemsworth · Scarlett Johansson","Les survivants tentent d’inverser le claquement de doigts de Thanos.","Les survivants tentent d’inverser le claquement de doigts de Thanos."
"f019","Iron Man","https://image.tmdb.org/t/p/w500/kNKUCNLu1lZDGAHOBEHxR6psYHx.jpg","2008","Film","Action","Un milliardaire crée une armure high-tech et devient un héros.","Jon Favreau","Robert Downey Jr. · Terrence Howard · Jeff Bridges · Gwyneth Paltrow · Leslie Bibb","Un milliardaire crée une armure high-tech et devient un héros.","Un milliardaire crée une armure high-tech et devient un héros."
"f020","Black Panther","https://image.tmdb.org/t/p/w500/g94IcdzPswTYl1ISdgn2EwvaZtt.jpg","2018","Film","Action","T’Challa revient au Wakanda pour protéger son royaume et son trône.","Ryan Coogler","Chadwick Boseman · Michael B. Jordan · Lupita Nyong'o · Danai Gurira · Martin Freeman","T’Challa revient au Wakanda pour protéger son royaume et son trône.","T’Challa revient au Wakanda pour protéger son royaume et son trône."
"f021","Titanic","https://image.tmdb.org/t/p/w500/vpsvHLkoeKUjceIMeNSqCp3xEyY.jpg","1997","Film","Romance","Deux amants se rencontrent à bord du paquebot voué au naufrage.","James Cameron","Leonardo DiCaprio · Kate Winslet · Billy Zane · Kathy Bates · Frances Fisher","Deux amants se rencontrent à bord du paquebot voué au naufrage.","Deux amants se rencontrent à bord du paquebot voué au naufrage."
"f022","Avatar","https://image.tmdb.org/t/p/w500/v5Y8pVwJK68SKQQ1GRbIB1hkPDy.jpg","2009","Film","Science-fiction","Un marine sur Pandora s’éprend d’une Na’vi et remet sa mission en question.","James Cameron","Sam Worthington · Zoe Saldaña · Sigourney Weaver · Stephen Lang · Michelle Rodriguez","Un marine sur Pandora s’éprend d’une Na’vi et remet sa mission en question.","Un marine sur Pandora s’éprend d’une Na’vi et remet sa mission en question."
"f023","Avatar : La Voie de l’eau","https://image.tmdb.org/t/p/w500/kQYx143yujkwyjJdZH2skOGeQfA.jpg","2022","Film","Science-fiction","La famille Sully lutte pour survivre et protéger les océans de Pandora.","James Cameron","Sam Worthington · Zoe Saldaña · Sigourney Weaver · Stephen Lang · Kate Winslet","La famille Sully lutte pour survivre et protéger les océans de Pandora.","La famille Sully lutte pour survivre et protéger les océans de Pandora."
"f024","Jurassic Park","https://image.tmdb.org/t/p/w500/i268GVIlp777W1Ykws5R3LYYLIw.jpg","1993","Film","Aventure","Des dinosaures recréés s’échappent d’un parc à thème.","Steven Spielberg","Sam Neill · Laura Dern · Jeff Goldblum · Richard Attenborough · Bob Peck","Des dinosaures recréés s’échappent d’un parc à thème.","Des dinosaures recréés s’échappent d’un parc à thème."
"f025","Le Roi Lion","https://image.tmdb.org/t/p/w500/n6UChiAOSTHGih2FBactLjA4Cdt.jpg","1994","Film","Animation","Un lionceau doit accepter sa destinée de roi des Terres de la fierté.","Roger Allers, Rob Minkoff","Matthew Broderick · Moira Kelly · Nathan Lane · Ernie Sabella · James Earl Jones","Un lionceau doit accepter sa destinée de roi des Terres de la fierté.","Un lionceau doit accepter sa destinée de roi des Terres de la fierté."
"f026","Toy Story","https://image.tmdb.org/t/p/w500/4cWLRhub0yY9VJpdw0nqoTPYyiN.jpg","1995","Film","Animation","Des jouets vivants affrontent l’amitié et le changement.","John Lasseter","Tom Hanks · Tim Allen · Don Rickles · Jim Varney · Wallace Shawn","Des jouets vivants affrontent l’amitié et le changement.","Des jouets vivants affrontent l’amitié et le changement."
"f027","Toy Story 3","https://image.tmdb.org/t/p/w500/hhOQ0FGXs0ux2GNMihx9itfRCm1.jpg","2010","Film","Animation","L’avenir des jouets bascule alors qu’Andy part à l’université.","Lee Unkrich","Tom Hanks · Tim Allen · Joan Cusack · Don Rickles · Wallace Shawn","L’avenir des jouets bascule alors qu’Andy part à l’université.","L’avenir des jouets bascule alors qu’Andy part à l’université."
"f028","Le Monde de Nemo","https://image.tmdb.org/t/p/w500/8zR2vXoXfdlknEYjfHvCbb1rJbI.jpg","2003","Film","Animation","Un poisson-clown timide traverse l’océan pour retrouver son fils.","Andrew Stanton","Albert Brooks · Ellen DeGeneres · Alexander Gould · Willem Dafoe · Geoffrey Rush","Un poisson-clown timide traverse l’océan pour retrouver son fils.","Un poisson-clown timide traverse l’océan pour retrouver son fils."
"f029","Là-haut","https://image.tmdb.org/t/p/w500/k55kMEPkxGej70udPcVNqhTiwBz.jpg","2009","Film","Animation","Un vieil homme fait voler sa maison pour réaliser un rêve.","Pete Docter","Ed Asner · Christopher Plummer · Jordan Nagai · Bob Peterson · Delroy Lindo","Un vieil homme fait voler sa maison pour réaliser un rêve.","Un vieil homme fait voler sa maison pour réaliser un rêve."
"f030","Vice-versa","https://image.tmdb.org/t/p/w500/KUhrtJN02RNt3Sxc4IMTa1d9Lt.jpg","2015","Film","Animation","Les émotions d’une fillette l’aident à grandir lors d’un déménagement.","Pete Docter","Amy Poehler · Phyllis Smith · Richard Kind · Bill Hader · Lewis Black","Les émotions d’une fillette l’aident à grandir lors d’un déménagement.","Les émotions d’une fillette l’aident à grandir lors d’un déménagement."
"f031","Coco","https://image.tmdb.org/t/p/w500/sZqcEV3KhDITHlUBmyj1a3RRvT9.jpg","2017","Film","Animation","Un garçon visite le Pays des Morts pour percer les secrets de sa famille.","Lee Unkrich","Anthony Gonzalez · Gael García Bernal · Benjamin Bratt · Alanna Ubach · Renée Victor","Un garçon visite le Pays des Morts pour percer les secrets de sa famille.","Un garçon visite le Pays des Morts pour percer les secrets de sa famille."
"f032","Le Voyage de Chihiro","https://image.tmdb.org/t/p/w500/12TAqK0AUgdcYE9ZYZ9r7ASbH5Q.jpg","2001","Film","Animation","Une fillette pénètre un monde d’esprits pour sauver ses parents.","Hayao Miyazaki","柊瑠美 · Miyu Irino · Mari Natsuki · 内藤剛志 · 沢口靖子","Une fillette pénètre un monde d’esprits pour sauver ses parents.","Une fillette pénètre un monde d’esprits pour sauver ses parents."
"f033","Parasite","https://image.tmdb.org/t/p/w500/7hLSzZX2jROmEXz2aEoh6JKUFy2.jpg","2019","Film","Thriller","Une famille pauvre infiltre un foyer riche, avec des conséquences tragiques.","Bong Joon-ho","Song Kang-ho · Sun-kyun Lee · Cho Yeo-jeong · Choi Woo-shik · 박소담","Une famille pauvre infiltre un foyer riche, avec des conséquences tragiques.","Une famille pauvre infiltre un foyer riche, avec des conséquences tragiques."
"f034","La La Land","https://image.tmdb.org/t/p/w500/5KIj6aioW1UtUT1IV0qqW5iZbNH.jpg","2016","Film","Comédie musicale","Une actrice et un musicien poursuivent leurs rêves à Los Angeles.","Damien Chazelle","Ryan Gosling · Emma Stone · John Legend · Rosemarie DeWitt · J.K. Simmons","Une actrice et un musicien poursuivent leurs rêves à Los Angeles.","Une actrice et un musicien poursuivent leurs rêves à Los Angeles."
"f035","Whiplash","https://image.tmdb.org/t/p/w500/3XriEpTdnplQRzyphAC0cu3emns.jpg","2014","Film","Drame","Un batteur affronte un professeur impitoyable pour atteindre l’excellence.","Damien Chazelle","Miles Teller · J.K. Simmons · Paul Reiser · Melissa Benoist · Austin Stowell","Un batteur affronte un professeur impitoyable pour atteindre l’excellence.","Un batteur affronte un professeur impitoyable pour atteindre l’excellence."
"f036","Les Évadés","https://image.tmdb.org/t/p/w500/t30GjttOdb5At1sYy8b3TOwFgWV.jpg","1994","Film","Drame","Deux prisonniers nouent un lien et rêvent d’évasion.","Frank Darabont","Tim Robbins · Morgan Freeman · Bob Gunton · William Sadler · Clancy Brown","Deux prisonniers nouent un lien et rêvent d’évasion.","Deux prisonniers nouent un lien et rêvent d’évasion."
"f037","Seven","https://image.tmdb.org/t/p/w500/upIOOLVeOoUkTM5fVWwXW2JmBrW.jpg","1995","Film","Thriller","Deux enquêteurs traquent un tueur inspiré des sept péchés capitaux.","David Fincher","Morgan Freeman · Brad Pitt · Gwyneth Paltrow · John Cassini · Peter Crombie","Deux enquêteurs traquent un tueur inspiré des sept péchés capitaux.","Deux enquêteurs traquent un tueur inspiré des sept péchés capitaux."
"f038","Le Silence des agneaux","https://image.tmdb.org/t/p/w500/sSQDxwm4r28YpJSQVyVOtpYVs0E.jpg","1991","Film","Thriller","Une stagiaire du FBI sollicite Hannibal Lecter pour arrêter un tueur.","Jonathan Demme","Jodie Foster · Anthony Hopkins · Scott Glenn · Ted Levine · Anthony Heald","Une stagiaire du FBI sollicite Hannibal Lecter pour arrêter un tueur.","Une stagiaire du FBI sollicite Hannibal Lecter pour arrêter un tueur."
"f039","Il faut sauver le soldat Ryan","https://image.tmdb.org/t/p/w500/mlSsQWIQV0NKIqqRQRI0yi9gqk8.jpg","1998","Film","Guerre","Des soldats risquent tout pour retrouver un parachutiste en Normandie.","Steven Spielberg","Tom Hanks · Tom Sizemore · Edward Burns · Barry Pepper · Adam Goldberg","Des soldats risquent tout pour retrouver un parachutiste en Normandie.","Des soldats risquent tout pour retrouver un parachutiste en Normandie."
"f040","La Liste de Schindler","https://image.tmdb.org/t/p/w500/fLRbv1fGQD0OCPWkFy7PI2sESLj.jpg","1993","Film","Historique","Un industriel sauve des Juifs pendant l’Holocauste.","Steven Spielberg","Liam Neeson · Ben Kingsley · Ralph Fiennes · Caroline Goodall · Jonathan Sagall","Un industriel sauve des Juifs pendant l’Holocauste.","Un industriel sauve des Juifs pendant l’Holocauste."
"f041","Gladiator","https://image.tmdb.org/t/p/w500/5gJOu3t2QrznuJqjCG7FQDMI76t.jpg","2000","Film","Action","Un général trahi cherche vengeance dans l’arène romaine.","Ridley Scott","Russell Crowe · Joaquin Phoenix · Connie Nielsen · Oliver Reed · Richard Harris","Un général trahi cherche vengeance dans l’arène romaine.","Un général trahi cherche vengeance dans l’arène romaine."
"f042","Braveheart","https://image.tmdb.org/t/p/w500/cteCb7HgeNmx8aeu5drpTb7N8fB.jpg","1995","Film","Historique","William Wallace mène la révolte pour la liberté de l’Écosse.","Mel Gibson","Mel Gibson · Catherine McCormack · Sophie Marceau · Patrick McGoohan · Angus Macfadyen","William Wallace mène la révolte pour la liberté de l’Écosse.","William Wallace mène la révolte pour la liberté de l’Écosse."
"f043","Les Infiltrés","https://image.tmdb.org/t/p/w500/xHeuF5zzlx1YxkULiz0mx1TMBJ7.jpg","2006","Film","Crime","Un taupe et un infiltré s’affrontent dans une partie mortelle.","Martin Scorsese","Leonardo DiCaprio · Matt Damon · Jack Nicholson · Mark Wahlberg · Martin Sheen","Un taupe et un infiltré s’affrontent dans une partie mortelle.","Un taupe et un infiltré s’affrontent dans une partie mortelle."
"f044","Les Affranchis","https://image.tmdb.org/t/p/w500/kc55cCUCZKtAFpsCnZKM5uLBzwh.jpg","1990","Film","Crime","Ascension et chute d’un associé de la mafia new-yorkaise.","Martin Scorsese","Robert De Niro · Ray Liotta · Joe Pesci · Lorraine Bracco · Paul Sorvino","Ascension et chute d’un associé de la mafia new-yorkaise.","Ascension et chute d’un associé de la mafia new-yorkaise."
"f045","La Ligne verte","https://image.tmdb.org/t/p/w500/cRBUYC02CPsVa1GqBq6rfHn5a8g.jpg","1999","Film","Drame","Un gardien du couloir de la mort rencontre un détenu au don étrange.","Frank Darabont","Tom Hanks · David Morse · Bonnie Hunt · Michael Clarke Duncan · James Cromwell","Un gardien du couloir de la mort rencontre un détenu au don étrange.","Un gardien du couloir de la mort rencontre un détenu au don étrange."
"f046","Usual Suspects","https://image.tmdb.org/t/p/w500/h06jDZB4Y9YQJiSGTcUwbhuiUrB.jpg","1995","Film","Crime","Un braquage tourne autour de l’insaisissable Keyser Söze.","Bryan Singer","Stephen Baldwin · Gabriel Byrne · Benicio del Toro · Kevin Pollak · Kevin Spacey","Un braquage tourne autour de l’insaisissable Keyser Söze.","Un braquage tourne autour de l’insaisissable Keyser Söze."
"f047","Terminator 2 : Le Jugement dernier","https://image.tmdb.org/t/p/w500/mRtFOHF93zW4kTp4JOYrH71vxBh.jpg","1991","Film","Science-fiction","Un cyborg protège l’adolescent destiné à sauver l’humanité.","James Cameron","Arnold Schwarzenegger · Linda Hamilton · Edward Furlong · Robert Patrick · Earl Boen","Un cyborg protège l’adolescent destiné à sauver l’humanité.","Un cyborg protège l’adolescent destiné à sauver l’humanité."
"f048","Alien","https://image.tmdb.org/t/p/w500/l8CES84JndFlNfBNMxdLRYaLvI6.jpg","1979","Film","Science-fiction","L’équipage d’un vaisseau affronte une créature extraterrestre mortelle.","Ridley Scott","Tom Skerritt · Sigourney Weaver · Veronica Cartwright · Harry Dean Stanton · John Hurt","L’équipage d’un vaisseau affronte une créature extraterrestre mortelle.","L’équipage d’un vaisseau affronte une créature extraterrestre mortelle."
"f049","Aliens : Le Retour","https://image.tmdb.org/t/p/w500/uafMg29wVV4XvxPS59s8nBBbP4i.jpg","1986","Film","Science-fiction","La survivante mène des marines dans un nid d’aliens.","James Cameron","Sigourney Weaver · Carrie Henn · Michael Biehn · Paul Reiser · Lance Henriksen","La survivante mène des marines dans un nid d’aliens.","La survivante mène des marines dans un nid d’aliens."
"f050","Retour vers le futur","https://image.tmdb.org/t/p/w500/iCgFtDUZxN8iUzNBCisjUrBmg2q.jpg","1985","Film","Science-fiction","Un ado remonte le temps et compromet sa propre existence.","Robert Zemeckis","Michael J. Fox · Christopher Lloyd · Crispin Glover · Lea Thompson · Claudia Wells","Un ado remonte le temps et compromet sa propre existence.","Un ado remonte le temps et compromet sa propre existence."
"f051","Les Aventuriers de l’arche perdue","https://image.tmdb.org/t/p/w500/nTsllJhHBDZndFudSB2RgeHuQAt.jpg","1981","Film","Aventure","Indiana Jones cherche une relique biblique avant les nazis.","Steven Spielberg","Harrison Ford · Karen Allen · Paul Freeman · John Rhys-Davies · Ronald Lacey","Indiana Jones cherche une relique biblique avant les nazis.","Indiana Jones cherche une relique biblique avant les nazis."
"f052","Indiana Jones et la Dernière Croisade","https://image.tmdb.org/t/p/w500/kD1y7bgbkXvN3RkYogFMlyQR6Ci.jpg","1989","Film","Aventure","Indy et son père partent à la quête du Graal.","Steven Spielberg","Harrison Ford · Sean Connery · Denholm Elliott · Alison Doody · John Rhys-Davies","Indy et son père partent à la quête du Graal.","Indy et son père partent à la quête du Graal."
"f053","Le Prestige","https://image.tmdb.org/t/p/w500/37Fr7lY4QBHsuxlLJIfTNxW6nGW.jpg","2006","Film","Drame","Deux magiciens rivaux s’engagent dans une dangereuse surenchère.","Christopher Nolan","Hugh Jackman · Christian Bale · Michael Caine · Piper Perabo · Rebecca Hall","Deux magiciens rivaux s’engagent dans une dangereuse surenchère.","Deux magiciens rivaux s’engagent dans une dangereuse surenchère."
"f054","Memento","https://image.tmdb.org/t/p/w500/dbkEpzotHJfotpSUSYI36aPC1WN.jpg","2000","Film","Thriller","Un homme amnésique traque l’assassin de sa femme.","Christopher Nolan","Guy Pearce · Carrie-Anne Moss · Joe Pantoliano · Mark Boone Junior · Russ Fega","Un homme amnésique traque l’assassin de sa femme.","Un homme amnésique traque l’assassin de sa femme."
"f055","Django Unchained","https://image.tmdb.org/t/p/w500/vRXUnWrXUgXRoX0BaEcuNMfyeQt.jpg","2012","Film","Western","Un esclave affranchi s’allie à un chasseur de primes pour sauver sa femme.","Quentin Tarantino","Jamie Foxx · Christoph Waltz · Leonardo DiCaprio · Kerry Washington · Samuel L. Jackson","Un esclave affranchi s’allie à un chasseur de primes pour sauver sa femme.","Un esclave affranchi s’allie à un chasseur de primes pour sauver sa femme."
"f056","Inglourious Basterds","https://image.tmdb.org/t/p/w500/lPKwFzX4TiWLA4Mo5Bnf8aIIrJm.jpg","2009","Film","Guerre","Des soldats alliés complotent pour éliminer des dirigeants nazis.","Quentin Tarantino","Brad Pitt · Mélanie Laurent · Christoph Waltz · Eli Roth · Michael Fassbender","Des soldats alliés complotent pour éliminer des dirigeants nazis.","Des soldats alliés complotent pour éliminer des dirigeants nazis."
"f057","Once Upon a Time… in Hollywood","https://image.tmdb.org/t/p/w500/gG5J1KW2Gzj0Sz7al1mGkhXLSoB.jpg","2019","Film","Drame","Un acteur et sa doublure traversent le Hollywood de 1969.","Quentin Tarantino","Leonardo DiCaprio · Brad Pitt · Margot Robbie · Emile Hirsch · Margaret Qualley","Un acteur et sa doublure traversent le Hollywood de 1969.","Un acteur et sa doublure traversent le Hollywood de 1969."
"f058","Le Loup de Wall Street","https://image.tmdb.org/t/p/w500/dQIQZbJXn1pflQw3nwvXLJX0dHa.jpg","2013","Film","Biopic","L’ascension et la chute d’un courtier dévoré par l’excès.","Martin Scorsese","Leonardo DiCaprio · Jonah Hill · Margot Robbie · Matthew McConaughey · Kyle Chandler","L’ascension et la chute d’un courtier dévoré par l’excès.","L’ascension et la chute d’un courtier dévoré par l’excès."
"f059","Mad Max: Fury Road","https://image.tmdb.org/t/p/w500/oLy2V6AWSEfdPgKOtrSGnwB3Q2R.jpg","2015","Film","Action","Une course-poursuite désertique s’engage contre un tyran.","George Miller","Tom Hardy · Charlize Theron · Nicholas Hoult · Hugh Keays-Byrne · Josh Helman","Une course-poursuite désertique s’engage contre un tyran.","Une course-poursuite désertique s’engage contre un tyran."
"f060","The Social Network","https://image.tmdb.org/t/p/w500/cvUfwhoAReL4e5eegFCHM73rIda.jpg","2010","Film","Biopic","La création de Facebook et les conflits qui s’ensuivent.","David Fincher","Jesse Eisenberg · Andrew Garfield · Armie Hammer · Josh Pence · Justin Timberlake","La création de Facebook et les conflits qui s’ensuivent.","La création de Facebook et les conflits qui s’ensuivent."
"f061","No Country for Old Men","https://image.tmdb.org/t/p/w500/9UlLBygQtAi62ksrWVN4rX3Hsk2.jpg","2007","Film","Thriller","Un chasseur trouve de l’argent et attire un tueur implacable.","Joel Coen, Ethan Coen","Javier Bardem · Tommy Lee Jones · Josh Brolin · Woody Harrelson · Kelly Macdonald","Un chasseur trouve de l’argent et attire un tueur implacable.","Un chasseur trouve de l’argent et attire un tueur implacable."
"f062","There Will Be Blood","https://image.tmdb.org/t/p/w500/cf4SpPyVRfE1lmlnVIXoii337s2.jpg","2007","Film","Drame","L’ambition d’un pétrolier corrompt tout autour de lui.","Paul Thomas Anderson","Daniel Day-Lewis · Paul Dano · Kevin J. O'Connor · Ciarán Hinds · Dillon Freasier","L’ambition d’un pétrolier corrompt tout autour de lui.","L’ambition d’un pétrolier corrompt tout autour de lui."
"f063","Old Boy","https://image.tmdb.org/t/p/w500/u0Ct3708zXaoJCkF65bLfenQmhM.jpg","2003","Film","Thriller","Un homme cherche des réponses après des années de captivité.","Park Chan-Wook","Choi Min-sik · Yoo Ji-Tae · Kang Hye-Jung · 김병옥 · 지대한","Un homme cherche des réponses après des années de captivité.","Un homme cherche des réponses après des années de captivité."
"f064","La Cité de Dieu","https://image.tmdb.org/t/p/w500/53mEWbkbGD7jILQoiYuvLQHAfrJ.jpg","2002","Film","Crime","Dans les favelas de Rio, des enfants deviennent gangsters.","Fernando Meirelles","Alexandre Rodrigues · Leandro Firmino · Phellipe Haagensen · Douglas Silva · Jonathan Haagensen","Dans les favelas de Rio, des enfants deviennent gangsters.","Dans les favelas de Rio, des enfants deviennent gangsters."
"f065","Le Fabuleux Destin d’Amélie Poulain","https://image.tmdb.org/t/p/w500/tdXtLG6L1QMwrv0MNdW6B9IwC8B.jpg","2001","Film","Romance","À Paris, Amélie sème le bonheur autour d’elle.","Jean-Pierre Jeunet","Audrey Tautou · Mathieu Kassovitz · Rufus · Serge Merlin · Jamel Debbouze","À Paris, Amélie sème le bonheur autour d’elle.","À Paris, Amélie sème le bonheur autour d’elle."
"f066","Le Pianiste","https://image.tmdb.org/t/p/w500/vI05JxU356MciaQeYHjXlqfjQe0.jpg","2002","Film","Historique","Un pianiste juif lutte pour survivre dans le ghetto de Varsovie.","Roman Polanski","Adrien Brody · Thomas Kretschmann · Frank Finlay · Maureen Lipman · Emilia Fox","Un pianiste juif lutte pour survivre dans le ghetto de Varsovie.","Un pianiste juif lutte pour survivre dans le ghetto de Varsovie."
"f067","Her","https://image.tmdb.org/t/p/w500/nkWXW5blXGmOEoDejRgy83sSb6T.jpg","2013","Film","Romance","Un homme solitaire tombe amoureux d’un système d’exploitation.","Spike Jonze","Joaquin Phoenix · Scarlett Johansson · Lynn Adrianna · Lisa Renee Pitts · Gabe Gomez","Un homme solitaire tombe amoureux d’un système d’exploitation.","Un homme solitaire tombe amoureux d’un système d’exploitation."
"f068","Blade Runner","https://image.tmdb.org/t/p/w500/zHKWxyG4j404HVeSYHNH4niUpkW.jpg","1982","Film","Science-fiction","Un policier traque des androïdes rebelles dans un futur néon.","Ridley Scott","Harrison Ford · Rutger Hauer · Sean Young · Edward James Olmos · M. Emmet Walsh","Un policier traque des androïdes rebelles dans un futur néon.","Un policier traque des androïdes rebelles dans un futur néon."
"f069","Blade Runner 2049","https://image.tmdb.org/t/p/w500/qWD9E0Wgn8w6nMMutCNFAUiSHrX.jpg","2017","Film","Science-fiction","Un nouveau blade runner découvre un secret menaçant la société.","Denis Villeneuve","Ryan Gosling · Harrison Ford · Ana de Armas · Dave Bautista · Robin Wright","Un nouveau blade runner découvre un secret menaçant la société.","Un nouveau blade runner découvre un secret menaçant la société."
"f070","Dune (2021)","","2021","Film","Science-fiction","Une maison noble se bat pour l’épice sur une planète désertique.","","","",""
"f071","The Grand Budapest Hotel","https://image.tmdb.org/t/p/w500/hT7oLLBLvbB8egIorwP3QyvjGQV.jpg","2014","Film","Comédie","Un concierge et un lobby boy se retrouvent au cœur d’un casse.","Wes Anderson","Ralph Fiennes · F. Murray Abraham · Mathieu Amalric · Adrien Brody · Willem Dafoe","Un concierge et un lobby boy se retrouvent au cœur d’un casse.","Un concierge et un lobby boy se retrouvent au cœur d’un casse."
"f072","Premier Contact","https://image.tmdb.org/t/p/w500/mSgYBWMybY9Ug4ZnCGsttPIjUx7.jpg","2016","Film","Science-fiction","Une linguiste tente de communiquer avec des extraterrestres.","Denis Villeneuve","Amy Adams · Jeremy Renner · Forest Whitaker · Michael Stuhlbarg · Mark O'Brien","Une linguiste tente de communiquer avec des extraterrestres.","Une linguiste tente de communiquer avec des extraterrestres."
"f073","2001 : l’Odyssée de l’espace","https://image.tmdb.org/t/p/w500/uwd79G32FPIL5B9UkRgSZvS0gbe.jpg","1968","Film","Science-fiction","Un voyage spatial interroge l’évolution et la conscience.","Stanley Kubrick","Keir Dullea · Gary Lockwood · William Sylvester · Douglas Rain · Daniel Richter","Un voyage spatial interroge l’évolution et la conscience.","Un voyage spatial interroge l’évolution et la conscience."
"f074","Orange mécanique","https://image.tmdb.org/t/p/w500/n2oKNiEq9DZljqs6xsxs8hnsW9p.jpg","1971","Film","Crime","Un délinquant subit un conditionnement controversé.","Stanley Kubrick","Malcolm McDowell · Patrick Magee · Carl Duering · Michael Bates · Warren Clarke","Un délinquant subit un conditionnement controversé.","Un délinquant subit un conditionnement controversé."
"f075","Will Hunting","https://image.tmdb.org/t/p/w500/dMxqv6b08mQCikVPZL4UBl2MuHR.jpg","1997","Film","Drame","Un génie des maths affronte son passé et ses peurs.","Gus Van Sant","Matt Damon · Robin Williams · Ben Affleck · Stellan Skarsgård · Minnie Driver","Un génie des maths affronte son passé et ses peurs.","Un génie des maths affronte son passé et ses peurs."
"f076","The Truman Show","https://image.tmdb.org/t/p/w500/7p5MzMb4h0Y2WUn73r4MHKNeh3X.jpg","1998","Film","Drame","Un homme découvre que sa vie entière est une émission télévisée.","Peter Weir","Jim Carrey · Laura Linney · Noah Emmerich · Natascha McElhone · Holland Taylor","Un homme découvre que sa vie entière est une émission télévisée.","Un homme découvre que sa vie entière est une émission télévisée."
"f077","Eternal Sunshine of the Spotless Mind","https://image.tmdb.org/t/p/w500/zYSvjW4F16W6drhFtEtNAHAplIN.jpg","2004","Film","Romance","Deux ex effacent leurs souvenirs avant de douter de leur choix.","Michel Gondry","Jim Carrey · Kate Winslet · Kirsten Dunst · Mark Ruffalo · Elijah Wood","Deux ex effacent leurs souvenirs avant de douter de leur choix.","Deux ex effacent leurs souvenirs avant de douter de leur choix."
"f078","The Big Lebowski","https://image.tmdb.org/t/p/w500/4fdLDGSggKaTkwWWaiX11I4Aoss.jpg","1998","Film","Comédie","Le Duc se retrouve mêlé à un enlèvement et à un tapis litigieux.","Joel Coen","Jeff Bridges · John Goodman · Julianne Moore · Steve Buscemi · David Huddleston","Le Duc se retrouve mêlé à un enlèvement et à un tapis litigieux.","Le Duc se retrouve mêlé à un enlèvement et à un tapis litigieux."
"f079","Gatsby le Magnifique","https://image.tmdb.org/t/p/w500/j1oBsSZv7qLdzPLItqJuqAZqJg1.jpg","2013","Film","Drame","Un millionnaire mystérieux poursuit un amour perdu à l’ère du jazz.","Jack Clayton","Robert Redford · Mia Farrow · Bruce Dern · Karen Black · Scott Wilson","Un millionnaire mystérieux poursuit un amour perdu à l’ère du jazz.","Un millionnaire mystérieux poursuit un amour perdu à l’ère du jazz."
"f080","Joker","https://image.tmdb.org/t/p/w500/tWjJ3ILjsbTwKgXxEv48QAbYZ19.jpg","2019","Film","Drame","La descente d’un marginal qui devient le célèbre criminel de Gotham.","Todd Phillips","Joaquin Phoenix · Robert De Niro · Zazie Beetz · Frances Conroy · Brett Cullen","La descente d’un marginal qui devient le célèbre criminel de Gotham.","La descente d’un marginal qui devient le célèbre criminel de Gotham."
"f081","Batman Begins","https://image.tmdb.org/t/p/w500/taKcn26BMWnsUcMFSlr5RfGDtFB.jpg","2005","Film","Action","Bruce Wayne devient le Chevalier noir pour combattre le crime.","Christopher Nolan","Christian Bale · Michael Caine · Liam Neeson · Katie Holmes · Gary Oldman","Bruce Wayne devient le Chevalier noir pour combattre le crime.","Bruce Wayne devient le Chevalier noir pour combattre le crime."
"f082","Heat","https://image.tmdb.org/t/p/w500/e0xv5Y7UVrhKEVy1g3URMLLVDYB.jpg","1995","Film","Crime","Un braqueur de génie affronte un flic tenace à Los Angeles.","Michael Mann","Al Pacino · Robert De Niro · Val Kilmer · Jon Voight · Tom Sizemore","Un braqueur de génie affronte un flic tenace à Los Angeles.","Un braqueur de génie affronte un flic tenace à Los Angeles."
"f083","Rocky","https://image.tmdb.org/t/p/w500/5cfUTKtLYJx8WcTRJII4JRnlg6p.jpg","1976","Film","Sport","Un boxeur outsider obtient une chance pour le titre mondial.","John G. Avildsen","Sylvester Stallone · Talia Shire · Burt Young · Carl Weathers · Burgess Meredith","Un boxeur outsider obtient une chance pour le titre mondial.","Un boxeur outsider obtient une chance pour le titre mondial."
"f084","Raging Bull","https://image.tmdb.org/t/p/w500/pbJqnZccb9g6DCrX40Y4eUzRbap.jpg","1980","Film","Biopic","La vie tourmentée du boxeur Jake LaMotta.","Martin Scorsese","Robert De Niro · Cathy Moriarty · Joe Pesci · Frank Vincent · Nicholas Colasanto","La vie tourmentée du boxeur Jake LaMotta.","La vie tourmentée du boxeur Jake LaMotta."
"f085","L’Exorciste","https://image.tmdb.org/t/p/w500/rJU6uv4ADDV0aYdiy7wyIf2nCjS.jpg","1973","Film","Horreur","Des prêtres tentent de sauver une fillette possédée.","William Friedkin","Ellen Burstyn · Linda Blair · Jason Miller · Max von Sydow · Lee J. Cobb","Des prêtres tentent de sauver une fillette possédée.","Des prêtres tentent de sauver une fillette possédée."
"f086","Les Dents de la mer","https://image.tmdb.org/t/p/w500/wuRf6gkX0JUJsu1MeECPubhMRdd.jpg","1975","Film","Thriller","Une station balnéaire traque un grand requin blanc.","Steven Spielberg","Roy Scheider · Robert Shaw · Richard Dreyfuss · Lorraine Gary · Murray Hamilton","Une station balnéaire traque un grand requin blanc.","Une station balnéaire traque un grand requin blanc."
"f087","Shining","https://image.tmdb.org/t/p/w500/cnniZQGtjK8kh2tsjih4GtkX6bl.jpg","1980","Film","Horreur","La folie gagne le gardien d’un hôtel isolé et hanté.","Stanley Kubrick","Jack Nicholson · Shelley Duvall · Danny Lloyd · Scatman Crothers · Barry Nelson","La folie gagne le gardien d’un hôtel isolé et hanté.","La folie gagne le gardien d’un hôtel isolé et hanté."
"f088","Vol au-dessus d’un nid de coucou","https://image.tmdb.org/t/p/w500/bdnHKtpkB2csewlk6QWBKF85i1D.jpg","1975","Film","Drame","Un patient rebelle défie une infirmière tyrannique.","Miloš Forman","Jack Nicholson · Brad Dourif · Louise Fletcher · Danny DeVito · William Redfield","Un patient rebelle défie une infirmière tyrannique.","Un patient rebelle défie une infirmière tyrannique."
"f089","Les Indestructibles","https://image.tmdb.org/t/p/w500/1FLKNiL41KPRgByj4uwlIqrpD6f.jpg","2004","Film","Animation","Une famille de super-héros reprend du service.","Brad Bird","Craig T. Nelson · Holly Hunter · Sarah Vowell · Spencer Fox · Jason Lee","Une famille de super-héros reprend du service.","Une famille de super-héros reprend du service."
"f090","Ratatouille","https://image.tmdb.org/t/p/w500/iFcWBdTPeHQDS3OQxBcH3QaYXYv.jpg","2007","Film","Animation","À Paris, un rat rêve de devenir chef cuisinier.","Brad Bird","Patton Oswalt · Ian Holm · Lou Romano · Brian Dennehy · Peter Sohn","À Paris, un rat rêve de devenir chef cuisinier.","À Paris, un rat rêve de devenir chef cuisinier."
"f091","Monstres & Cie","https://image.tmdb.org/t/p/w500/rIjzsrY8xQ4M4ZthmVqHtiqsioQ.jpg","2001","Film","Animation","Des monstres découvrent que le rire surpasse les cris.","Pete Docter","John Goodman · Billy Crystal · Mary Gibbs · Steve Buscemi · James Coburn","Des monstres découvrent que le rire surpasse les cris.","Des monstres découvrent que le rire surpasse les cris."
"f092","Shrek","https://image.tmdb.org/t/p/w500/rJIju4i2sENrfTbAXwL9OKv2e1i.jpg","2001","Film","Animation","Un ogre part sauver une princesse avec un âne bavard.","Andrew Adamson, Vicky Jenson","Mike Myers · Eddie Murphy · Cameron Diaz · John Lithgow · Vincent Cassel","Un ogre part sauver une princesse avec un âne bavard.","Un ogre part sauver une princesse avec un âne bavard."
"f093","The Breakfast Club","https://image.tmdb.org/t/p/w500/7fyU9OIvU1Z7dznrHa5l9qNXIkH.jpg","1985","Film","Comédie","Cinq lycéens tissent des liens pendant une colle.","John Hughes","Emilio Estevez · Judd Nelson · Molly Ringwald · Anthony Michael Hall · Ally Sheedy","Cinq lycéens tissent des liens pendant une colle.","Cinq lycéens tissent des liens pendant une colle."
"f094","Stand by Me","https://image.tmdb.org/t/p/w500/paxBmWVvdw1yiAnSxBxuYUyZKBA.jpg","1986","Film","Drame","Des amis partent à la recherche du corps d’un garçon disparu.","Rob Reiner","Wil Wheaton · River Phoenix · Corey Feldman · Jerry O'Connell · Kiefer Sutherland","Des amis partent à la recherche du corps d’un garçon disparu.","Des amis partent à la recherche du corps d’un garçon disparu."
"f095","Piège de cristal","https://image.tmdb.org/t/p/w500/1nOVVjbf8ucbeLmIlK5D2kCQQST.jpg","1988","Film","Action","Un flic affronte des terroristes dans une tour de L.A.","John McTiernan","Bruce Willis · Alan Rickman · Александр Годунов · Bonnie Bedelia · Reginald VelJohnson","Un flic affronte des terroristes dans une tour de L.A.","Un flic affronte des terroristes dans une tour de L.A."
"f096","Mission: Impossible – Fallout","https://image.tmdb.org/t/p/w500/6JO3Oz685phBaADyJtf4wmaafYj.jpg","2018","Film","Action","Ethan Hunt tente d’éviter une catastrophe mondiale.","Christopher McQuarrie","Tom Cruise · Henry Cavill · Ving Rhames · Simon Pegg · Rebecca Ferguson","Ethan Hunt tente d’éviter une catastrophe mondiale.","Ethan Hunt tente d’éviter une catastrophe mondiale."
"f097","Skyfall","https://image.tmdb.org/t/p/w500/nNFECkwmrYoUQ17EnPTcSlRictV.jpg","2012","Film","Action","Bond affronte un ennemi lié au passé de M.","Sam Mendes","Daniel Craig · Judi Dench · Javier Bardem · Ralph Fiennes · Naomie Harris","Bond affronte un ennemi lié au passé de M.","Bond affronte un ennemi lié au passé de M."
"f098","Casino Royale","https://image.tmdb.org/t/p/w500/1ST7phuvQsaAIIkRyAtESZFLMx9.jpg","2006","Film","Action","Bond obtient son statut 00 et affronte un financier machiavélique.","Martin Campbell","Daniel Craig · Eva Green · Mads Mikkelsen · Judi Dench · Jeffrey Wright","Bond obtient son statut 00 et affronte un financier machiavélique.","Bond obtient son statut 00 et affronte un financier machiavélique."
"f099","Les Gardiens de la Galaxie","https://image.tmdb.org/t/p/w500/37pARvkxcWcEosG7xcVd4yAWpVa.jpg","2014","Film","Action","Une équipe improbable sauve la galaxie en musique.","James Gunn","Chris Pratt · Zoe Saldaña · Dave Bautista · Vin Diesel · Bradley Cooper","Une équipe improbable sauve la galaxie en musique.","Une équipe improbable sauve la galaxie en musique."
"f100","Spider-Man : New Generation","https://image.tmdb.org/t/p/w500/7uPGS5CgvIjDcFUhw9HB9qYeDXf.jpg","2018","Film","Animation","Plusieurs Spider-Men s’allient à travers les dimensions.","Bob Persichetti, Peter Ramsey, Rodney Rothman","Shameik Moore · Jake Johnson · Hailee Steinfeld · Mahershala Ali · Brian Tyree Henry","Plusieurs Spider-Men s’allient à travers les dimensions.","Plusieurs Spider-Men s’allient à travers les dimensions."
"s001","Game of Thrones","https://image.tmdb.org/t/p/w500/eRMfekBOnwyE9G0ffyEJIBOjX2n.jpg","2011","Série","Fantasy","Des maisons nobles se disputent le pouvoir, tandis qu’une menace surgit au nord.","David Benioff, D. B. Weiss","Peter Dinklage · Kit Harington · Nikolaj Coster-Waldau · Lena Headey · Emilia Clarke","Des maisons nobles se disputent le pouvoir, tandis qu’une menace surgit au nord.","Des maisons nobles se disputent le pouvoir, tandis qu’une menace surgit au nord."
"s002","Breaking Bad","https://image.tmdb.org/t/p/w500/tP2wgZfzkZxL18jImD2YXqEUXQA.jpg","2008","Série","Crime","Un prof de chimie fabrique de la méthamphétamine pour assurer l’avenir des siens.","Vince Gilligan","Bryan Cranston · Aaron Paul · Anna Gunn · RJ Mitte · Dean Norris","Un prof de chimie fabrique de la méthamphétamine pour assurer l’avenir des siens.","Un prof de chimie fabrique de la méthamphétamine pour assurer l’avenir des siens."
"s003","Better Call Saul","https://image.tmdb.org/t/p/w500/j7xMrccIYZ9QfzaReifdCNxIqNK.jpg","2015","Série","Crime","Jimmy McGill devient peu à peu l’avocat Saul Goodman.","Vince Gilligan, Peter Gould","Bob Odenkirk · Jonathan Banks · Rhea Seehorn · Tony Dalton · Giancarlo Esposito","Jimmy McGill devient peu à peu l’avocat Saul Goodman.","Jimmy McGill devient peu à peu l’avocat Saul Goodman."
"s004","Les Soprano","https://image.tmdb.org/t/p/w500/qxEIC2pMudIdnPTyfSXr0y866I8.jpg","1999","Série","Crime","Un parrain du New Jersey jongle entre famille et affaires sanglantes.","David Chase","James Gandolfini · Edie Falco · Jamie-Lynn Sigler · Robert Iler · Lorraine Bracco","Un parrain du New Jersey jongle entre famille et affaires sanglantes.","Un parrain du New Jersey jongle entre famille et affaires sanglantes."
"s005","Sur écoute","https://image.tmdb.org/t/p/w500/5asMXKoeT2qA1CWQwjgXLnb2bOm.jpg","2002","Série","Crime","Les institutions de Baltimore vues par policiers et criminels.","David Simon","Dominic West · Lance Reddick · Sonja Sohn · Wendell Pierce · Michael Kenneth Williams","Les institutions de Baltimore vues par policiers et criminels.","Les institutions de Baltimore vues par policiers et criminels."
"s006","Friends","https://image.tmdb.org/t/p/w500/2koX1xLkpTQM4IZebYvKysFW1Nh.jpg","1994","Série","Comédie","Six amis vivent amours et galères à New York.","Marta Kauffman, David Crane","Jennifer Aniston · Courteney Cox · Lisa Kudrow · Matt LeBlanc · Matthew Perry","Six amis vivent amours et galères à New York.","Six amis vivent amours et galères à New York."
"s007","The Office (US)","https://image.tmdb.org/t/p/w500/2dApsoX4bd98szjrbj5i3syYOh2.jpg","2005","Série","Comédie","Mockumentaire sur les employés de Dunder Mifflin.","Greg Daniels","Rainn Wilson · John Krasinski · Jenna Fischer · Ed Helms","Mockumentaire sur les employés de Dunder Mifflin.","Mockumentaire sur les employés de Dunder Mifflin."
"s008","Stranger Things","https://image.tmdb.org/t/p/w500/uOOtwVbSr4QDjAGIifLDwpb2Pdl.jpg","2016","Série","Science-fiction","Des enfants affrontent des forces surnaturelles et un laboratoire secret.","Ross Duffer, Matt Duffer","Millie Bobby Brown · Finn Wolfhard · Noah Schnapp · Gaten Matarazzo · Caleb McLaughlin","Des enfants affrontent des forces surnaturelles et un laboratoire secret.","Des enfants affrontent des forces surnaturelles et un laboratoire secret."
"s009","The Crown","https://image.tmdb.org/t/p/w500/snrhOM9JOY3i7UGNDZBfBakiq4n.jpg","2016","Série","Drame","Le règne d’Élisabeth II au fil des décennies.","Peter Morgan","Imelda Staunton · Jonathan Pryce · Lesley Manville · Dominic West · Claudia Harrison","Le règne d’Élisabeth II au fil des décennies.","Le règne d’Élisabeth II au fil des décennies."
"s010","The Mandalorian","https://image.tmdb.org/t/p/w500/s8lHYTNYM919rDFvMs33tOeMbYf.jpg","2019","Série","Science-fiction","Un chasseur de primes protège un enfant mystérieux.","Jon Favreau","Pedro Pascal · Katee Sackhoff","Un chasseur de primes protège un enfant mystérieux.","Un chasseur de primes protège un enfant mystérieux."
"s011","The Last of Us","https://image.tmdb.org/t/p/w500/4pMd9VAdqm96KA2W4X8yetgc7EF.jpg","2023","Série","Drame","Un contrebandier escorte une adolescente immunisée à travers l’Amérique.","Neil Druckmann, Craig Mazin","Bella Ramsey · Gabriel Luna · Isabela Merced · Young Mazino","Un contrebandier escorte une adolescente immunisée à travers l’Amérique.","Un contrebandier escorte une adolescente immunisée à travers l’Amérique."
"s012","House of the Dragon","https://image.tmdb.org/t/p/w500/lP73xk4HGJ9CPxDWouzKzK6j82o.jpg","2022","Série","Fantasy","La guerre civile Targaryen, près de 200 ans avant GoT.","George R. R. Martin, Ryan Condal","Emma D'Arcy · Matt Smith · Olivia Cooke · Patrick Sass","La guerre civile Targaryen, près de 200 ans avant GoT.","La guerre civile Targaryen, près de 200 ans avant GoT."
"s013","Westworld","https://image.tmdb.org/t/p/w500/iblRK215A0oz3ewTtIIXO9XcW1N.jpg","2016","Série","Science-fiction","Un parc d’androïdes devient le théâtre d’une révolte.","Jonathan Nolan, Lisa Joy","Evan Rachel Wood · Thandiwe Newton · Jeffrey Wright · Tessa Thompson · Aaron Paul","Un parc d’androïdes devient le théâtre d’une révolte.","Un parc d’androïdes devient le théâtre d’une révolte."
"s014","True Detective","https://image.tmdb.org/t/p/w500/v1pOP44wChdvxoGhnjSmhnzyDje.jpg","2014","Série","Crime","Anthologie d’enquêtes sombres menées par des détectives tourmentés.","Nic Pizzolatto, Issa López","Jodie Foster · Kali Reis · Fiona Shaw · Finn Bennett · Isabella Star LaBlanc","Anthologie d’enquêtes sombres menées par des détectives tourmentés.","Anthologie d’enquêtes sombres menées par des détectives tourmentés."
"s015","Sherlock","https://image.tmdb.org/t/p/w500/nBRtABdAHf4SWSAWHelXz0H6tY9.jpg","2010","Série","Crime","Sherlock Holmes et le Dr Watson à l’ère moderne.","Mark Gatiss, Steven Moffat","Benedict Cumberbatch · Martin Freeman","Sherlock Holmes et le Dr Watson à l’ère moderne.","Sherlock Holmes et le Dr Watson à l’ère moderne."
"s016","Black Mirror","https://image.tmdb.org/t/p/w500/9acfIYfBuB4GFVROipM9YrqxsXd.jpg","2011","Série","Science-fiction","Anthologie sur les dérives de la technologie.","Charlie Brooker","","Anthologie sur les dérives de la technologie.","Anthologie sur les dérives de la technologie."
"s017","Narcos","https://image.tmdb.org/t/p/w500/lE81IZv7mCYxbanB4ibDeivB1qs.jpg","2015","Série","Crime","Ascension et chute des barons de la drogue en Colombie.","Chris Brancato, Doug Miro, Carlo Bernard","Pedro Pascal · Matias Varela · Damián Alcázar · Francisco Denis · Alberto Ammann","Ascension et chute des barons de la drogue en Colombie.","Ascension et chute des barons de la drogue en Colombie."
"s018","La Casa de Papel","https://image.tmdb.org/t/p/w500/u5Ye3LqV5LqTGjLqtkTCkA4m63W.jpg","2017","Série","Crime","Un cerveau orchestre des braquages contre les institutions espagnoles.","Álex Pina","Úrsula Corberó · Itziar Ituño · Álvaro Morte · Pedro Alonso · Miguel Herrán","Un cerveau orchestre des braquages contre les institutions espagnoles.","Un cerveau orchestre des braquages contre les institutions espagnoles."
"s019","Dark","https://image.tmdb.org/t/p/w500/vbG0zu0lIVDZZaUVOZuBIE9kno3.jpg","2017","Série","Mystère","Une disparition révèle des liens temporels entre quatre familles.","Baran bo Odar, Jantje Friese","Louis Hofmann","Une disparition révèle des liens temporels entre quatre familles.","Une disparition révèle des liens temporels entre quatre familles."
"s020","The Witcher","https://image.tmdb.org/t/p/w500/rhErSlk0M236rNFertVAZa9lz9S.jpg","2019","Série","Fantasy","Un sorceleur affronte monstres, politique et destin.","Lauren Schmidt Hissrich","Liam Hemsworth · Anya Chalotra · Freya Allan","Un sorceleur affronte monstres, politique et destin.","Un sorceleur affronte monstres, politique et destin."
"s021","The Boys","https://image.tmdb.org/t/p/w500/4Tw8TB9ikrcgzJgR0LOvgfnXD74.jpg","2019","Série","Action","Des justiciers s’attaquent à des super-héros corrompus par une multinationale.","Eric Kripke","Karl Urban · Jack Quaid · Antony Starr · Erin Moriarty · Jessie T. Usher","Des justiciers s’attaquent à des super-héros corrompus par une multinationale.","Des justiciers s’attaquent à des super-héros corrompus par une multinationale."
"s022","The Umbrella Academy","https://image.tmdb.org/t/p/w500/gSH9wPI2CRx6nwpmUjrvbXAXH4D.jpg","2019","Série","Fantasy","Des frères et sœurs dotés de pouvoirs tentent d’empêcher l’apocalypse.","Steve Blackman","Aidan Gallagher · Elliot Page · Tom Hopper · Emmy Raver-Lampman · Robert Sheehan","Des frères et sœurs dotés de pouvoirs tentent d’empêcher l’apocalypse.","Des frères et sœurs dotés de pouvoirs tentent d’empêcher l’apocalypse."
"s023","Loki","https://image.tmdb.org/t/p/w500/58LlUrH7l9DikYIg3Veaxb3coSy.jpg","2021","Série","Science-fiction","Le dieu de la malice affronte le TVA et des lignes temporelles instables.","Michael Waldron","Tom Hiddleston · Sophia Di Martino · Wunmi Mosaku · Eugene Cordero · Ke Huy Quan","Le dieu de la malice affronte le TVA et des lignes temporelles instables.","Le dieu de la malice affronte le TVA et des lignes temporelles instables."
"s024","WandaVision","https://image.tmdb.org/t/p/w500/AXnCR7WE8BKlzsabQtUITySChn.jpg","2021","Série","Science-fiction","Une Avenger en deuil façonne une étrange sitcom de banlieue.","Jac Schaeffer","Elizabeth Olsen · Paul Bettany · Kathryn Hahn · Teyonah Parris · Randall Park","Une Avenger en deuil façonne une étrange sitcom de banlieue.","Une Avenger en deuil façonne une étrange sitcom de banlieue."
"s025","Daredevil","https://image.tmdb.org/t/p/w500/doJ6axLfzLCDaPqFSSHjaSTYKb2.jpg","2015","Série","Action","Un avocat aveugle combat le crime à Hell’s Kitchen.","Drew Goddard","Charlie Cox · Deborah Ann Woll · Elden Henson · Vincent D'Onofrio · Jay Ali","Un avocat aveugle combat le crime à Hell’s Kitchen.","Un avocat aveugle combat le crime à Hell’s Kitchen."
"s026","Jessica Jones","https://image.tmdb.org/t/p/w500/hCNUxbt8ohAYQhSnBChuknjxH8z.jpg","2015","Série","Drame","Une détective surpuissante affronte ses traumatismes.","Melissa Rosenberg","Krysten Ritter · Rachael Taylor · Eka Darville · Benjamin Walker · Carrie-Anne Moss","Une détective surpuissante affronte ses traumatismes.","Une détective surpuissante affronte ses traumatismes."
"s027","The Punisher","https://image.tmdb.org/t/p/w500/ioWV96X8lFnjO8PPAl6ayfZGjkM.jpg","2017","Série","Action","Un justicier cherche la vérité sur le meurtre de sa famille.","Steve Lightfoot","Jon Bernthal · Ben Barnes · Amber Rose Revah · Josh Stewart · Jason R. Moore","Un justicier cherche la vérité sur le meurtre de sa famille.","Un justicier cherche la vérité sur le meurtre de sa famille."
"s028","Le Jeu de la dame","https://image.tmdb.org/t/p/w500/jPHoAsRKtGKmjB28QgBWEtLJHRi.jpg","2020","Série","Drame","Une prodige défie un milieu masculin pour régner aux échecs.","Scott Frank, Allan Scott","Anya Taylor-Joy · Chloe Pirrie","Une prodige défie un milieu masculin pour régner aux échecs.","Une prodige défie un milieu masculin pour régner aux échecs."
"s029","Chernobyl","https://image.tmdb.org/t/p/w500/hlLXt2tOPT6RRnjiUmoxyG1LTFi.jpg","2019","Série","Historique","La catastrophe nucléaire de 1986 et ses conséquences humaines.","Craig Mazin","Jared Harris · Stellan Skarsgård · Emily Watson · Paul Ritter · Jessie Buckley","La catastrophe nucléaire de 1986 et ses conséquences humaines.","La catastrophe nucléaire de 1986 et ses conséquences humaines."
"s030","Frères d’armes","https://image.tmdb.org/t/p/w500/cpsZkyoMA4ex2CggKFCJQMhhcUC.jpg","2001","Série","Guerre","La Easy Company pendant la Seconde Guerre mondiale.","Tom Hanks, Steven Spielberg","Michael Cudlitz · Rick Gomez · Scott Grimes · Damian Lewis · Ron Livingston","La Easy Company pendant la Seconde Guerre mondiale.","La Easy Company pendant la Seconde Guerre mondiale."
"s031","The Pacific","https://image.tmdb.org/t/p/w500/tmjca0r0Wam21385kHDjudhDgIW.jpg","2010","Série","Guerre","Des Marines combattent sur le théâtre du Pacifique.","Bruce C. McKenna","James Badge Dale · Jon Seda · Joseph Mazzello · Ashton Holmes · Jacob Pitts","Des Marines combattent sur le théâtre du Pacifique.","Des Marines combattent sur le théâtre du Pacifique."
"s032","Lost : Les Disparus","https://image.tmdb.org/t/p/w500/esAR4C5Ien4c8lDJuotNsgaknkW.jpg","2004","Série","Mystère","Des survivants de crash dévoilent les secrets d’une île.","J.J. Abrams, Damon Lindelof, Jeffrey Lieber","Matthew Fox · Evangeline Lilly · Terry O'Quinn · Josh Holloway · Michael Emerson","Des survivants de crash dévoilent les secrets d’une île.","Des survivants de crash dévoilent les secrets d’une île."
"s033","Prison Break","https://image.tmdb.org/t/p/w500/nMsTJ4QwdyRcyfM3jqqkJme7jc2.jpg","2005","Série","Thriller","Un homme échafaude une évasion pour sauver son frère.","Paul T. Scheuring","Wentworth Miller · Dominic Purcell · Sarah Wayne Callies · Paul Adelstein · Rockmond Dunbar","Un homme échafaude une évasion pour sauver son frère.","Un homme échafaude une évasion pour sauver son frère."
"s034","The Walking Dead","https://image.tmdb.org/t/p/w500/uW4PGpqXZNVyMkUK4dY4vKTBV2D.jpg","2010","Série","Horreur","Des survivants affrontent un monde ravagé par les zombies.","Frank Darabont","Lauren Cohan · Norman Reedus · Jeffrey Dean Morgan · Melissa McBride · Christian Serratos","Des survivants affrontent un monde ravagé par les zombies.","Des survivants affrontent un monde ravagé par les zombies."
"s035","Fargo","https://image.tmdb.org/t/p/w500/6U9CPeD8obHzweikFhiLhpc7YBT.jpg","2014","Série","Crime","Anthologie de crimes absurdes dans le Midwest.","Noah Hawley","Juno Temple · Jennifer Jason Leigh · David Rysdahl · Joe Keery · Lamorne Morris","Anthologie de crimes absurdes dans le Midwest.","Anthologie de crimes absurdes dans le Midwest."
"s036","Succession","https://image.tmdb.org/t/p/w500/z0XiwdrCQ9yVIr4O0pxzaAYRxdW.jpg","2018","Série","Drame","Un empire médiatique s’entredéchire pour le pouvoir.","Jesse Armstrong","Jeremy Strong · Kieran Culkin · Sarah Snook · Brian Cox · Matthew Macfadyen","Un empire médiatique s’entredéchire pour le pouvoir.","Un empire médiatique s’entredéchire pour le pouvoir."
"s037","Severance","https://image.tmdb.org/t/p/w500/xmjW474DJ27bqTYNvS4MvraJgiQ.jpg","2022","Série","Science-fiction","Des employés séparent souvenirs professionnels et personnels.","Dan Erickson","Adam Scott · Britt Lower · Tramell Tillman · Zach Cherry · Jen Tullock","Des employés séparent souvenirs professionnels et personnels.","Des employés séparent souvenirs professionnels et personnels."
"s038","Mad Men","https://image.tmdb.org/t/p/w500/A9FdR46H6Fl9p1nOMMRQHKrmtiH.jpg","2007","Série","Drame","Des publicitaires font face au changement dans les années 1960.","Matthew Weiner","Jon Hamm · Elisabeth Moss · Vincent Kartheiser · January Jones · Christina Hendricks","Des publicitaires font face au changement dans les années 1960.","Des publicitaires font face au changement dans les années 1960."
"s039","The Handmaid’s Tale","https://image.tmdb.org/t/p/w500/46a087NxApCdEWWJxqflmvHDTzt.jpg","2017","Série","Drame","Une femme résiste à une théocratie qui asservit les femmes.","Bruce Miller","Elisabeth Moss · Yvonne Strahovski · Samira Wiley","Une femme résiste à une théocratie qui asservit les femmes.","Une femme résiste à une théocratie qui asservit les femmes."
"s040","The Bear","https://image.tmdb.org/t/p/w500/iaJfffjCqXATU5msr4PAgOWLMl4.jpg","2022","Série","Drame","Un chef reprend la sandwicherie familiale et affronte le chaos.","Christopher Storer","Jeremy Allen White · Ebon Moss-Bachrach · Ayo Edebiri · Lionel Boyce · Abby Elliott","Un chef reprend la sandwicherie familiale et affronte le chaos.","Un chef reprend la sandwicherie familiale et affronte le chaos."
"s041","Fleabag","https://image.tmdb.org/t/p/w500/27vEYsRKa3eAniwmoccOoluEXQ1.jpg","2016","Série","Comédie","Une Londonienne caustique cherche un sens à sa vie.","Phoebe Waller-Bridge","Phoebe Waller-Bridge · Sian Clifford · Andrew Scott","Une Londonienne caustique cherche un sens à sa vie.","Une Londonienne caustique cherche un sens à sa vie."
"s042","Peaky Blinders","https://image.tmdb.org/t/p/w500/vUUqzWa2LnHIVqkaKVlVGkVcZIW.jpg","2013","Série","Crime","Un gang impitoyable s’élève dans le Birmingham d’après-guerre.","Steven Knight","Cillian Murphy · Paul Anderson · Sophie Rundle · Natasha O'Keeffe","Un gang impitoyable s’élève dans le Birmingham d’après-guerre.","Un gang impitoyable s’élève dans le Birmingham d’après-guerre."
"s043","Vikings","https://image.tmdb.org/t/p/w500/xmcOeS0BKCBg5MwM3dfMrSUqyNh.jpg","2013","Série","Historique","Ragnar Lothbrok part en quête de gloire sur les mers.","Michael Hirst","Alex Høgh Andersen · Jordan Patrick Smith · Marco Ilsø · Peter Franzén · Georgia Hirst","Ragnar Lothbrok part en quête de gloire sur les mers.","Ragnar Lothbrok part en quête de gloire sur les mers."
"s044","The Leftovers","https://image.tmdb.org/t/p/w500/ri8xr223xBb2TeHX3GKypvQPV2B.jpg","2014","Série","Drame","La vie après la disparition inexpliquée de 2 % de l’humanité.","Damon Lindelof, Tom Perrotta","Justin Theroux · Amy Brenneman · Christopher Eccleston · Chris Zylka · Carrie Coon","La vie après la disparition inexpliquée de 2 % de l’humanité.","La vie après la disparition inexpliquée de 2 % de l’humanité."
"s045","Mr. Robot","https://image.tmdb.org/t/p/w500/kv1nRqgebSsREnd7vdC2pSGjpLo.jpg","2015","Série","Thriller","Un hacker lutte contre ses démons et le contrôle des corporations.","Sam Esmail","Rami Malek · Christian Slater · Carly Chaikin","Un hacker lutte contre ses démons et le contrôle des corporations.","Un hacker lutte contre ses démons et le contrôle des corporations."
"s046","Homeland","https://image.tmdb.org/t/p/w500/6GAvS2e6VIRsms9FpVt33PsCoEW.jpg","2011","Série","Thriller","Une agente de la CIA soupçonne un otage d’avoir basculé.","Howard Gordon, Alex Gansa, Gideon Raff","Claire Danes · Mandy Patinkin · Maury Sterling · Numan Acar · Nimrat Kaur","Une agente de la CIA soupçonne un otage d’avoir basculé.","Une agente de la CIA soupçonne un otage d’avoir basculé."
"s047","House of Cards","https://image.tmdb.org/t/p/w500/hKWxWjFwnMvkWQawbhvC0Y7ygQ8.jpg","2013","Série","Drame","Des politiciens ambitieux gravissent les échelons à Washington.","Beau Willimon","Robin Wright · Michael Kelly · Constance Zimmer · Patricia Clarkson · Derek Cecil","Des politiciens ambitieux gravissent les échelons à Washington.","Des politiciens ambitieux gravissent les échelons à Washington."
"s048","Ozark","https://image.tmdb.org/t/p/w500/m73bD8VjibSKuTWg597GQVyVhSb.jpg","2017","Série","Crime","Une famille blanchit de l’argent pour un cartel dans les Ozarks.","Mark Williams, Bill Dubuque","Jason Bateman · Laura Linney · Sofia Hublitz · Skylar Gaertner · Julia Garner","Une famille blanchit de l’argent pour un cartel dans les Ozarks.","Une famille blanchit de l’argent pour un cartel dans les Ozarks."
"s049","Mindhunter","https://image.tmdb.org/t/p/w500/fbKE87mojpIETWepSbD5Qt741fp.jpg","2017","Série","Crime","Des agents profilent des tueurs en série pour comprendre leurs méthodes.","Joe Penhall","Jonathan Groff · Holt McCallany · Anna Torv · Stacey Roca","Des agents profilent des tueurs en série pour comprendre leurs méthodes.","Des agents profilent des tueurs en série pour comprendre leurs méthodes."
"s050","À la Maison-Blanche","https://image.tmdb.org/t/p/w500/yqDWr5NAE7m1IWrygYwLyEB6pN0.jpg","1999","Série","Drame","Dans les coulisses d’une administration présidentielle.","Aaron Sorkin","Martin Sheen · Allison Janney · John Spencer · Bradley Whitford · Joshua Malina","Dans les coulisses d’une administration présidentielle.","Dans les coulisses d’une administration présidentielle."
"s051","Parks and Recreation","https://image.tmdb.org/t/p/w500/dDuzrl9rUIBYieZjqmtNCdncrmZ.jpg","2009","Série","Comédie","Des agents publics gèrent des projets dans une petite ville.","Michael Schur, Greg Daniels","Amy Poehler · Aziz Ansari · Nick Offerman · Aubrey Plaza · Chris Pratt","Des agents publics gèrent des projets dans une petite ville.","Des agents publics gèrent des projets dans une petite ville."
"s052","Brooklyn Nine-Nine","https://image.tmdb.org/t/p/w500/hgRMSOt7a1b8qyQR68vUixJPang.jpg","2013","Série","Comédie","Un détective farfelu résout des affaires avec son équipe.","Daniel J. Goor, Michael Schur","Andy Samberg · Melissa Fumero · Terry Crews · Joe Lo Truglio · Stephanie Beatriz","Un détective farfelu résout des affaires avec son équipe.","Un détective farfelu résout des affaires avec son équipe."
"s053","How I Met Your Mother","https://image.tmdb.org/t/p/w500/vvblalfCXadFIbnly5pTjRemnwo.jpg","2005","Série","Comédie","Un père raconte la longue histoire de sa rencontre avec la mère.","Craig Thomas, Carter Bays","Josh Radnor · Neil Patrick Harris · Jason Segel · Alyson Hannigan · Cobie Smulders","Un père raconte la longue histoire de sa rencontre avec la mère.","Un père raconte la longue histoire de sa rencontre avec la mère."
"s054","The Big Bang Theory","https://image.tmdb.org/t/p/w500/5BzsgXhqtfbE71ScWL9gF7f4DjI.jpg","2007","Série","Comédie","Des colocataires geeks naviguent entre science et amour.","Chuck Lorre, Bill Prady","Johnny Galecki · Jim Parsons · Kaley Cuoco · Simon Helberg · Kunal Nayyar","Des colocataires geeks naviguent entre science et amour.","Des colocataires geeks naviguent entre science et amour."
"s055","Modern Family","https://image.tmdb.org/t/p/w500/nBBNlHBcOrhq0NNxIyU6WHYpt6G.jpg","2009","Série","Comédie","Mockumentaire sur une famille de Los Angeles, diverse et attachante.","Steven Levitan, Christopher Lloyd","Ed O'Neill · Sofía Vergara · Julie Bowen · Ty Burrell · Jesse Tyler Ferguson","Mockumentaire sur une famille de Los Angeles, diverse et attachante.","Mockumentaire sur une famille de Los Angeles, diverse et attachante."
"s056","Ted Lasso","https://image.tmdb.org/t/p/w500/5fhZdwP1DVJ0FyVH6vrFdHwpXIn.jpg","2020","Série","Comédie","Un coach américain dirige une équipe de foot anglaise.","Jason Sudeikis, Bill Lawrence, Brendan Hunt, Joe Kelly","Jason Sudeikis · Hannah Waddingham · Jeremy Swift · Phil Dunster · Brett Goldstein","Un coach américain dirige une équipe de foot anglaise.","Un coach américain dirige une équipe de foot anglaise."
"s057","The Good Place","https://image.tmdb.org/t/p/w500/qIhsuhoIYR5yTnDta0IL4senbeN.jpg","2016","Série","Comédie","Une femme explore l’au-delà et la morale avec humour.","Michael Schur","Kristen Bell · Ted Danson · William Jackson Harper · Jameela Jamil · Manny Jacinto","Une femme explore l’au-delà et la morale avec humour.","Une femme explore l’au-delà et la morale avec humour."
"s058","Better Things","https://image.tmdb.org/t/p/w500/oydV7sWkFSBvHK57DfbPZzz4aDJ.jpg","2016","Série","Comédie","Une mère célibataire jongle entre carrière d’actrice et enfants.","Louis C.K., Pamela Adlon","Pamela Adlon · Celia Imrie · Mikey Madison · Hannah Riley · Olivia Edward","Une mère célibataire jongle entre carrière d’actrice et enfants.","Une mère célibataire jongle entre carrière d’actrice et enfants."
"s059","Atlanta","https://image.tmdb.org/t/p/w500/sT3nWQikz7NjwXuOzxabKwkZMws.jpg","2016","Série","Comédie","Deux cousins tentent de percer dans la scène rap d’Atlanta.","Donald Glover","Donald Glover · Brian Tyree Henry · LaKeith Stanfield · Zazie Beetz","Deux cousins tentent de percer dans la scène rap d’Atlanta.","Deux cousins tentent de percer dans la scène rap d’Atlanta."
"s060","Barry","https://image.tmdb.org/t/p/w500/j1XpwD11f0BAEI7pX6UdMhUVX2F.jpg","2018","Série","Comédie","Un tueur à gages rêve de devenir acteur.","Alec Berg, Bill Hader","Bill Hader · Sarah Goldberg · Anthony Carrigan · Henry Winkler · Stephen Root","Un tueur à gages rêve de devenir acteur.","Un tueur à gages rêve de devenir acteur."
"s061","True Blood","https://image.tmdb.org/t/p/w500/ktEp6fzL4xzCWsSVtrcH8JaQNQy.jpg","2008","Série","Fantasy","Les vampires vivent au grand jour parmi les humains.","Alan Ball","Anna Paquin · Stephen Moyer · Alexander Skarsgård · Sam Trammell · Ryan Kwanten","Les vampires vivent au grand jour parmi les humains.","Les vampires vivent au grand jour parmi les humains."
"s062","Six Feet Under","https://image.tmdb.org/t/p/w500/khj9IoBOKRyEIchEnuWDLWE8v2z.jpg","2001","Série","Drame","Une famille dirige un funérarium et fait face à la mort.","Alan Ball","Peter Krause · Michael C. Hall · Frances Conroy · Lauren Ambrose · Freddy Rodríguez","Une famille dirige un funérarium et fait face à la mort.","Une famille dirige un funérarium et fait face à la mort."
"s063","Rome","https://image.tmdb.org/t/p/w500/bFLt2J0IVWMmZU0675KxdHMyZrK.jpg","2005","Série","Historique","Deux soldats assistent à la chute de la République romaine.","John Milius, Bruno Heller, William J. MacDonald","Kevin McKidd · Ray Stevenson · Ciarán Hinds · James Purefoy · Polly Walker","Deux soldats assistent à la chute de la République romaine.","Deux soldats assistent à la chute de la République romaine."
"s064","Boardwalk Empire","https://image.tmdb.org/t/p/w500/3IKbPI1uQFcT7gNHi3la7uwOnsN.jpg","2010","Série","Crime","Un magnat d’Atlantic City règne durant la Prohibition.","Terence Winter","Steve Buscemi · Kelly Macdonald · Michael Shannon · Shea Whigham · Stephen Graham","Un magnat d’Atlantic City règne durant la Prohibition.","Un magnat d’Atlantic City règne durant la Prohibition."
"s065","Sons of Anarchy","https://image.tmdb.org/t/p/w500/rOX1cPhsWtG2Ui4xVq92i3WsMPa.jpg","2008","Série","Crime","Un club de bikers balance entre crime et famille.","Kurt Sutter","Charlie Hunnam · Katey Sagal · Tommy Flanagan · Mark Boone Junior · Kim Coates","Un club de bikers balance entre crime et famille.","Un club de bikers balance entre crime et famille."
"s066","X-Files : Aux frontières du réel","https://image.tmdb.org/t/p/w500/eP4OS57gbqiOIvVAnCs8T4rz5t4.jpg","1993","Série","Science-fiction","Deux agents enquêtent sur le paranormal et les complots.","Chris Carter","David Duchovny · Gillian Anderson · Mitch Pileggi · William B. Davis","Deux agents enquêtent sur le paranormal et les complots.","Deux agents enquêtent sur le paranormal et les complots."
"s067","Doctor Who","https://image.tmdb.org/t/p/w500/xCFZRY658A3Nt0p3uUZUkpeRxPF.jpg","2005","Série","Science-fiction","Un extraterrestre voyage dans le temps avec ses compagnons.","Sydney Newman, C. E. Webber, Donald Wilson","Jodie Whittaker · Mandip Gill · John Bishop · Billie Piper · Karen Gillan","Un extraterrestre voyage dans le temps avec ses compagnons.","Un extraterrestre voyage dans le temps avec ses compagnons."
"s068","Star Trek : La Nouvelle Génération","https://image.tmdb.org/t/p/w500/6SCYWrBsB2MSSvESNPyXcxNCbkg.jpg","1987","Série","Science-fiction","Le capitaine Picard explore la galaxie à bord de l’Enterprise.","Gene Roddenberry","Patrick Stewart · Jonathan Frakes · Brent Spiner · LeVar Burton · Michael Dorn","Le capitaine Picard explore la galaxie à bord de l’Enterprise.","Le capitaine Picard explore la galaxie à bord de l’Enterprise."
"s069","Star Trek : Picard","https://image.tmdb.org/t/p/w500/3ALN5I1GFoFXulsQaHViIFeeHd4.jpg","2020","Série","Science-fiction","Jean-Luc Picard reprend du service pour de nouvelles missions.","Alex Kurtzman, Akiva Goldsman, Michael Chabon, Kirsten Beyer","Patrick Stewart · Jeri Ryan · Michelle Hurd · Ed Speleers","Jean-Luc Picard reprend du service pour de nouvelles missions.","Jean-Luc Picard reprend du service pour de nouvelles missions."
"s070","Star Trek : Discovery","https://image.tmdb.org/t/p/w500/xwpOHgym48Ftz7fbJq5te5xoiwu.jpg","2017","Série","Science-fiction","Une officier de Starfleet se retrouve au centre d’événements galactiques.","Bryan Fuller, Alex Kurtzman","Sonequa Martin-Green · Doug Jones · Mary Wiseman · Anthony Rapp · Wilson Cruz","Une officier de Starfleet se retrouve au centre d’événements galactiques.","Une officier de Starfleet se retrouve au centre d’événements galactiques."
"s071","Battlestar Galactica","https://image.tmdb.org/t/p/w500/oGATs0FwLbnBD77tzNdB4h3XwjH.jpg","2004","Série","Science-fiction","L’humanité fuit les Cylons à la recherche de la Terre.","Glen A. Larson, Ronald D. Moore","Edward James Olmos · Mary McDonnell · Jamie Bamber · Katee Sackhoff · James Callis","L’humanité fuit les Cylons à la recherche de la Terre.","L’humanité fuit les Cylons à la recherche de la Terre."
"s072","The Expanse","https://image.tmdb.org/t/p/w500/8djpxDeWpINnGhjpFXQjnBe6zbx.jpg","2015","Série","Science-fiction","Un complot menace la fragile paix du système solaire.","Mark Fergus, Hawk Ostby","Steven Strait · Dominique Tipper · Wes Chatham · Shohreh Aghdashloo · Frankie Adams","Un complot menace la fragile paix du système solaire.","Un complot menace la fragile paix du système solaire."
"s073","Firefly","https://image.tmdb.org/t/p/w500/vZcKsy4sGAvWMVqLluwYuoi11Kj.jpg","2002","Série","Science-fiction","Un équipage hétéroclite survit aux marges de l’espace.","Joss Whedon","Nathan Fillion · Gina Torres · Alan Tudyk · Morena Baccarin · Adam Baldwin","Un équipage hétéroclite survit aux marges de l’espace.","Un équipage hétéroclite survit aux marges de l’espace."
"s074","Fringe","https://image.tmdb.org/t/p/w500/sY9hg5dLJ93RJOyKEiu1nAtBRND.jpg","2008","Série","Science-fiction","Des agents explorent la science de l’extrême et les univers parallèles.","J.J. Abrams, Alex Kurtzman, Roberto Orci","Anna Torv · Joshua Jackson · Jasika Nicole · John Noble","Des agents explorent la science de l’extrême et les univers parallèles.","Des agents explorent la science de l’extrême et les univers parallèles."
"s075","Hannibal","https://image.tmdb.org/t/p/w500/pbV2eLnKSIm1epSZt473UYfqaeZ.jpg","2013","Série","Thriller","Un profiler s’allie à un psychiatre brillant… et monstrueux.","Bryan Fuller","Mads Mikkelsen · Hugh Dancy · Laurence Fishburne · Caroline Dhavernas · Gillian Anderson","Un profiler s’allie à un psychiatre brillant… et monstrueux.","Un profiler s’allie à un psychiatre brillant… et monstrueux."
"s076","Dexter","https://image.tmdb.org/t/p/w500/ptQtKhlJYtPlp5ecvJXvIGyjCjf.jpg","2006","Série","Crime","Un expert médico-légal mène une double vie de tueur.","James Manos Jr.","Michael C. Hall · Jennifer Carpenter · Geoff Pierson · David Zayas · James Remar","Un expert médico-légal mène une double vie de tueur.","Un expert médico-légal mène une double vie de tueur."
"s077","Supernatural","https://image.tmdb.org/t/p/w500/iBR4U3MZelj5avBqqs1SJpIqArP.jpg","2005","Série","Fantasy","Deux frères chassent monstres, démons et dieux.","Eric Kripke","Jared Padalecki · Jensen Ackles · Misha Collins","Deux frères chassent monstres, démons et dieux.","Deux frères chassent monstres, démons et dieux."
"s078","Arrow","https://image.tmdb.org/t/p/w500/4DVLTc7oVCzHOSmZzlDHefCKyqq.jpg","2012","Série","Action","Un milliardaire combat le crime armé d’un arc.","Marc Guggenheim, Andrew Kreisberg, Greg Berlanti","Stephen Amell · Rick Gonzalez · Katherine McNamara · David Ramsey · Katie Cassidy","Un milliardaire combat le crime armé d’un arc.","Un milliardaire combat le crime armé d’un arc."
"s079","The Flash","https://image.tmdb.org/t/p/w500/Hrta0iq8KEQbdOpSnki2gUMowk.jpg","2014","Série","Action","Un scientifique devient l’homme le plus rapide du monde.","Geoff Johns, Greg Berlanti, Andrew Kreisberg","Grant Gustin · Candice Patton · Danielle Panabaker · Danielle Nicolet · Kayla Compton","Un scientifique devient l’homme le plus rapide du monde.","Un scientifique devient l’homme le plus rapide du monde."
"s080","Smallville","https://image.tmdb.org/t/p/w500/el4r3RABoLe5Hh6U2I3OybBjrme.jpg","2001","Série","Drame","Clark Kent avance vers son destin avant Superman.","Alfred Gough, Miles Millar","Tom Welling · Erica Durance · Cassidy Freeman · Justin Hartley","Clark Kent avance vers son destin avant Superman.","Clark Kent avance vers son destin avant Superman."
"s081","Dr House","https://image.tmdb.org/t/p/w500/tS3c86kDSlaSUDbjpGpxrQdXsx2.jpg","2004","Série","Drame","Un médecin brillant et abrasif résout des cas mystérieux.","David Shore","Hugh Laurie · Robert Sean Leonard · Omar Epps · Jesse Spencer · Odette Annable","Un médecin brillant et abrasif résout des cas mystérieux.","Un médecin brillant et abrasif résout des cas mystérieux."
"s082","Grey’s Anatomy","https://image.tmdb.org/t/p/w500/meLc14IucQOzlqRn3ERCWjt5BEC.jpg","2005","Série","Drame","Des chirurgiens jonglent entre bloc opératoire et vies privées.","Shonda Rhimes","Ellen Pompeo · Chandra Wilson · James Pickens Jr. · Kevin McKidd · Caterina Scorsone","Des chirurgiens jonglent entre bloc opératoire et vies privées.","Des chirurgiens jonglent entre bloc opératoire et vies privées."
"s083","Urgences","https://image.tmdb.org/t/p/w500/zyEX66a7TqjtfDfGypDk3de3mF.jpg","1994","Série","Drame","Le quotidien effréné du personnel d’un hôpital de Chicago.","Michael Crichton","Maura Tierney · Parminder Nagra · Linda Cardellini · Scott Grimes · David Lyons","Le quotidien effréné du personnel d’un hôpital de Chicago.","Le quotidien effréné du personnel d’un hôpital de Chicago."
"s084","Scrubs","https://image.tmdb.org/t/p/w500/u1z05trCA7AuSuDhi365grwdos1.jpg","2001","Série","Comédie","De jeunes médecins apprennent la vie à Sacred Heart.","Bill Lawrence","Zach Braff · Donald Faison · John C. McGinley · Eliza Coupe · Kerry Bishé","De jeunes médecins apprennent la vie à Sacred Heart.","De jeunes médecins apprennent la vie à Sacred Heart."
"s085","24 heures chrono","https://image.tmdb.org/t/p/w500/pez9BcRmtzaf0FMPJcgUl89gxhs.jpg","2001","Série","Thriller","Jack Bauer lutte contre la montre pour déjouer des menaces.","Robert Cochran, Joel Surnow","Kiefer Sutherland · Mary Lynn Rajskub · Kim Raver · Yvonne Strahovski · Tate Donovan","Jack Bauer lutte contre la montre pour déjouer des menaces.","Jack Bauer lutte contre la montre pour déjouer des menaces."
"s086","Les Experts (CSI)","https://image.tmdb.org/t/p/w500/fx304X0L9dykk0yZixBfhUDqH53.jpg","2000","Série","Crime","Des experts médico-légaux résolvent des affaires à Las Vegas.","Ann Donahue, Anthony E. Zuiker","Ted Danson · George Eads · Jorja Fox · Eric Szmanda · Robert David Hall","Des experts médico-légaux résolvent des affaires à Las Vegas.","Des experts médico-légaux résolvent des affaires à Las Vegas."
"s087","NCIS : Enquêtes spéciales","https://image.tmdb.org/t/p/w500/mBcu8d6x6zB1el3MPNl7cZQEQ31.jpg","2003","Série","Crime","Une équipe enquête sur des crimes touchant la Navy et les Marines.","Don McGill, Donald P. Bellisario","","Une équipe enquête sur des crimes touchant la Navy et les Marines.","Une équipe enquête sur des crimes touchant la Navy et les Marines."
"s088","New York, unité spéciale","https://image.tmdb.org/t/p/w500/uZsDRMQawpCySFOmlTv7hPtXRyY.jpg","1999","Série","Crime","Des inspecteurs traitent des affaires délicates d’agressions sexuelles.","Dick Wolf","Mariska Hargitay · Ice-T · Kelli Giddish · Peter Scanavino · Aimé Donna Kelly","Des inspecteurs traitent des affaires délicates d’agressions sexuelles.","Des inspecteurs traitent des affaires délicates d’agressions sexuelles."
"s089","Top Gear","https://image.tmdb.org/t/p/w500/rOVpfiaUaeycu2SAs9TjUOJzceJ.jpg","2002","Série","Télé-réalité","Voitures, défis et humour avec des animateurs charismatiques.","Jeremy Clarkson, Andy Wilman","Chris Harris · Paddy McGuinness · Andrew Flintoff","Voitures, défis et humour avec des animateurs charismatiques.","Voitures, défis et humour avec des animateurs charismatiques."
"s090","Planète Terre","https://image.tmdb.org/t/p/w500/q60DbqXtrJ6BJvz0BhMyzowOdA3.jpg","2006","Série","Documentaire","Une exploration des merveilles naturelles de la planète.","Mike Gunton, Tom Hugh-Jones, Alastair Fothergill, Maureen Lemire","David Attenborough","Une exploration des merveilles naturelles de la planète.","Une exploration des merveilles naturelles de la planète."
"s091","Planète bleue","https://image.tmdb.org/t/p/w500/lt89L0jToLFUbOqQ5JoqhPVAWK3.jpg","2001","Série","Documentaire","Les secrets et la beauté des océans du monde.","Andy Byatt, Alastair Fothergill","David Attenborough","Les secrets et la beauté des océans du monde.","Les secrets et la beauté des océans du monde."
"s092","Cosmos : Une odyssée à travers l’univers","https://image.tmdb.org/t/p/w500/aBfrU3NiTk2VSUw0QKmyoP2tIFy.jpg","2014","Série","Documentaire","Un voyage à travers l’univers et les découvertes humaines.","Ann Druyan, Steven Soter","Neil deGrasse Tyson · Ann Druyan","Un voyage à travers l’univers et les découvertes humaines.","Un voyage à travers l’univers et les découvertes humaines."
"s093","Rick et Morty","https://image.tmdb.org/t/p/w500/kKsdvIOfWhqw5ZfAepi5EZqhrsP.jpg","2013","Série","Animation","Un savant fou entraîne son petit-fils dans des aventures cosmiques.","Dan Harmon, Justin Roiland","Chris Parnell · Spencer Grammer · Sarah Chalke · Ian Cardoni · Harry Belden","Un savant fou entraîne son petit-fils dans des aventures cosmiques.","Un savant fou entraîne son petit-fils dans des aventures cosmiques."
"s094","BoJack Horseman","https://image.tmdb.org/t/p/w500/6JFWzlChcGgLiIUo2COgNlWGFKy.jpg","2014","Série","Animation","Une ex-star de sitcom affronte la célébrité et l’autodestruction.","Raphael Bob-Waksberg","Will Arnett · Aaron Paul · Alison Brie · Amy Sedaris · Paul F. Tompkins","Une ex-star de sitcom affronte la célébrité et l’autodestruction.","Une ex-star de sitcom affronte la célébrité et l’autodestruction."
"s095","Avatar, le dernier maître de l’air","https://image.tmdb.org/t/p/w500/8RVWqNc0VUX3vh0gIsMxQRBHmnz.jpg","2005","Série","Animation","Un jeune Avatar doit maîtriser les éléments pour rétablir la paix.","Michael Dante DiMartino, Bryan Konietzko","Zach Tyler Eisen · Mae Whitman · Jack De Sena · Dante Basco · Jessie Flower","Un jeune Avatar doit maîtriser les éléments pour rétablir la paix.","Un jeune Avatar doit maîtriser les éléments pour rétablir la paix."
"s096","La Légende de Korra","https://image.tmdb.org/t/p/w500/2K6oyogaEAw339ki8fhmx7NdTFd.jpg","2012","Série","Animation","La nouvelle Avatar affronte des crises politiques et spirituelles.","Michael Dante DiMartino, Bryan Konietzko","Janet Varney · David Faustino · P.J. Byrne · Seychelle Gabriel · J.K. Simmons","La nouvelle Avatar affronte des crises politiques et spirituelles.","La nouvelle Avatar affronte des crises politiques et spirituelles."
"s097","Fullmetal Alchemist: Brotherhood","https://image.tmdb.org/t/p/w500/vIkH7fUQf8Olo8Apq56FQLGDXOo.jpg","2009","Série","Animation","Deux frères cherchent la Pierre philosophale après un drame.","","朴璐美 · Rie Kugimiya · Shin-ichiro Miki · Fumiko Orikasa · 高本めぐみ","Deux frères cherchent la Pierre philosophale après un drame.","Deux frères cherchent la Pierre philosophale après un drame."
"s098","Death Note","https://image.tmdb.org/t/p/w500/chnG4pYo89weaBjXHJWvW68E35B.jpg","2006","Série","Animation","Un lycéen découvre un carnet capable de tuer.","","Mamoru Miyano · Shidō Nakamura · Aya Hirano · Kappei Yamaguchi · 斉藤貴美子","Un lycéen découvre un carnet capable de tuer.","Un lycéen découvre un carnet capable de tuer."
"s099","L’Attaque des Titans","https://image.tmdb.org/t/p/w500/cEnxvrGIGwLz7ZfCx3g8oULJxrr.jpg","2013","Série","Animation","L’humanité lutte contre des géants derrière d’immenses murs.","大塚学, 丸山博雄, 角田真敏, Yutaka Ueda, 藤田浩幸, Yoko Furukawa, 石川光久","Yuki Kaji · 石川由依 · Marina Inoue · 谷山紀章 · Hiro Shimono","L’humanité lutte contre des géants derrière d’immenses murs.","L’humanité lutte contre des géants derrière d’immenses murs."
"s100","One Piece","https://image.tmdb.org/t/p/w500/oag7edI9flSMawmNySEiSEJAbrf.jpg","1999","Série","Animation","Un équipage de pirates cherche le légendaire trésor One Piece.","","Mayumi Tanaka · Kazuya Nakai · Akemi Okamura · Kappei Yamaguchi · Hiroaki Hirata","Un équipage de pirates cherche le légendaire trésor One Piece.","Un équipage de pirates cherche le légendaire trésor One Piece."
